[{"date":"2022-01-01","sex":"both","age":"overall","ethnicity":"overall","population":32698.1},{"date":"2022-01-01","sex":"both","age":"overall","ethnicity":"bumi_malay","population":17422},{"date":"2022-01-01","sex":"both","age":"overall","ethnicity":"bumi_other","population":3679.8},{"date":"2022-01-01","sex":"both","age":"overall","ethnicity":"chinese","population":6873.7},{"date":"2022-01-01","sex":"both","age":"overall","ethnicity":"indian","population":1999.9},{"date":"2022-01-01","sex":"both","age":"overall","ethnicity":"other_citizen","population":222.8},{"date":"2022-01-01","sex":"both","age":"overall","ethnicity":"other_noncitizen","population":2500},{"date":"2022-01-01","sex":"both","age":"0-4","ethnicity":"overall","population":2374.2},{"date":"2022-01-01","sex":"both","age":"0-4","ethnicity":"bumi_malay","population":1478.3},{"date":"2022-01-01","sex":"both","age":"0-4","ethnicity":"bumi_other","population":271.3},{"date":"2022-01-01","sex":"both","age":"0-4","ethnicity":"chinese","population":319.2},{"date":"2022-01-01","sex":"both","age":"0-4","ethnicity":"indian","population":107.2},{"date":"2022-01-01","sex":"both","age":"0-4","ethnicity":"other_citizen","population":20.9},{"date":"2022-01-01","sex":"both","age":"0-4","ethnicity":"other_noncitizen","population":177.2},{"date":"2022-01-01","sex":"both","age":"5-9","ethnicity":"overall","population":2592.8},{"date":"2022-01-01","sex":"both","age":"5-9","ethnicity":"bumi_malay","population":1518.1},{"date":"2022-01-01","sex":"both","age":"5-9","ethnicity":"bumi_other","population":293.7},{"date":"2022-01-01","sex":"both","age":"5-9","ethnicity":"chinese","population":482.7},{"date":"2022-01-01","sex":"both","age":"5-9","ethnicity":"indian","population":141.2},{"date":"2022-01-01","sex":"both","age":"5-9","ethnicity":"other_citizen","population":17.1},{"date":"2022-01-01","sex":"both","age":"5-9","ethnicity":"other_noncitizen","population":140},{"date":"2022-01-01","sex":"both","age":"10-14","ethnicity":"overall","population":2613},{"date":"2022-01-01","sex":"both","age":"10-14","ethnicity":"bumi_malay","population":1480},{"date":"2022-01-01","sex":"both","age":"10-14","ethnicity":"bumi_other","population":335},{"date":"2022-01-01","sex":"both","age":"10-14","ethnicity":"chinese","population":548.5},{"date":"2022-01-01","sex":"both","age":"10-14","ethnicity":"indian","population":166.3},{"date":"2022-01-01","sex":"both","age":"10-14","ethnicity":"other_citizen","population":15.9},{"date":"2022-01-01","sex":"both","age":"10-14","ethnicity":"other_noncitizen","population":67.3},{"date":"2022-01-01","sex":"both","age":"15-19","ethnicity":"overall","population":2781.9},{"date":"2022-01-01","sex":"both","age":"15-19","ethnicity":"bumi_malay","population":1564.6},{"date":"2022-01-01","sex":"both","age":"15-19","ethnicity":"bumi_other","population":352.2},{"date":"2022-01-01","sex":"both","age":"15-19","ethnicity":"chinese","population":543.9},{"date":"2022-01-01","sex":"both","age":"15-19","ethnicity":"indian","population":170.7},{"date":"2022-01-01","sex":"both","age":"15-19","ethnicity":"other_citizen","population":17.6},{"date":"2022-01-01","sex":"both","age":"15-19","ethnicity":"other_noncitizen","population":132.8},{"date":"2022-01-01","sex":"both","age":"20-24","ethnicity":"overall","population":2912.8},{"date":"2022-01-01","sex":"both","age":"20-24","ethnicity":"bumi_malay","population":1565.8},{"date":"2022-01-01","sex":"both","age":"20-24","ethnicity":"bumi_other","population":329.6},{"date":"2022-01-01","sex":"both","age":"20-24","ethnicity":"chinese","population":488.7},{"date":"2022-01-01","sex":"both","age":"20-24","ethnicity":"indian","population":158.6},{"date":"2022-01-01","sex":"both","age":"20-24","ethnicity":"other_citizen","population":20},{"date":"2022-01-01","sex":"both","age":"20-24","ethnicity":"other_noncitizen","population":350.1},{"date":"2022-01-01","sex":"both","age":"25-29","ethnicity":"overall","population":2835},{"date":"2022-01-01","sex":"both","age":"25-29","ethnicity":"bumi_malay","population":1389.9},{"date":"2022-01-01","sex":"both","age":"25-29","ethnicity":"bumi_other","population":332.5},{"date":"2022-01-01","sex":"both","age":"25-29","ethnicity":"chinese","population":479.4},{"date":"2022-01-01","sex":"both","age":"25-29","ethnicity":"indian","population":156.6},{"date":"2022-01-01","sex":"both","age":"25-29","ethnicity":"other_citizen","population":19.8},{"date":"2022-01-01","sex":"both","age":"25-29","ethnicity":"other_noncitizen","population":456.8},{"date":"2022-01-01","sex":"both","age":"30-34","ethnicity":"overall","population":2850.1},{"date":"2022-01-01","sex":"both","age":"30-34","ethnicity":"bumi_malay","population":1446.6},{"date":"2022-01-01","sex":"both","age":"30-34","ethnicity":"bumi_other","population":321},{"date":"2022-01-01","sex":"both","age":"30-34","ethnicity":"chinese","population":515.1},{"date":"2022-01-01","sex":"both","age":"30-34","ethnicity":"indian","population":166.9},{"date":"2022-01-01","sex":"both","age":"30-34","ethnicity":"other_citizen","population":22.9},{"date":"2022-01-01","sex":"both","age":"30-34","ethnicity":"other_noncitizen","population":377.6},{"date":"2022-01-01","sex":"both","age":"35-39","ethnicity":"overall","population":2777},{"date":"2022-01-01","sex":"both","age":"35-39","ethnicity":"bumi_malay","population":1444.4},{"date":"2022-01-01","sex":"both","age":"35-39","ethnicity":"bumi_other","population":302},{"date":"2022-01-01","sex":"both","age":"35-39","ethnicity":"chinese","population":561},{"date":"2022-01-01","sex":"both","age":"35-39","ethnicity":"indian","population":172.9},{"date":"2022-01-01","sex":"both","age":"35-39","ethnicity":"other_citizen","population":21.5},{"date":"2022-01-01","sex":"both","age":"35-39","ethnicity":"other_noncitizen","population":275.3},{"date":"2022-01-01","sex":"both","age":"40-44","ethnicity":"overall","population":2359.1},{"date":"2022-01-01","sex":"both","age":"40-44","ethnicity":"bumi_malay","population":1202.1},{"date":"2022-01-01","sex":"both","age":"40-44","ethnicity":"bumi_other","population":243.7},{"date":"2022-01-01","sex":"both","age":"40-44","ethnicity":"chinese","population":553.1},{"date":"2022-01-01","sex":"both","age":"40-44","ethnicity":"indian","population":161.9},{"date":"2022-01-01","sex":"both","age":"40-44","ethnicity":"other_citizen","population":15.7},{"date":"2022-01-01","sex":"both","age":"40-44","ethnicity":"other_noncitizen","population":182.7},{"date":"2022-01-01","sex":"both","age":"45-49","ethnicity":"overall","population":1893.9},{"date":"2022-01-01","sex":"both","age":"45-49","ethnicity":"bumi_malay","population":954.5},{"date":"2022-01-01","sex":"both","age":"45-49","ethnicity":"bumi_other","population":198.5},{"date":"2022-01-01","sex":"both","age":"45-49","ethnicity":"chinese","population":489.7},{"date":"2022-01-01","sex":"both","age":"45-49","ethnicity":"indian","population":131.3},{"date":"2022-01-01","sex":"both","age":"45-49","ethnicity":"other_citizen","population":11.8},{"date":"2022-01-01","sex":"both","age":"45-49","ethnicity":"other_noncitizen","population":108.1},{"date":"2022-01-01","sex":"both","age":"50-54","ethnicity":"overall","population":1638.3},{"date":"2022-01-01","sex":"both","age":"50-54","ethnicity":"bumi_malay","population":825.1},{"date":"2022-01-01","sex":"both","age":"50-54","ethnicity":"bumi_other","population":179.7},{"date":"2022-01-01","sex":"both","age":"50-54","ethnicity":"chinese","population":451.2},{"date":"2022-01-01","sex":"both","age":"50-54","ethnicity":"indian","population":114.2},{"date":"2022-01-01","sex":"both","age":"50-54","ethnicity":"other_citizen","population":9.3},{"date":"2022-01-01","sex":"both","age":"50-54","ethnicity":"other_noncitizen","population":58.7},{"date":"2022-01-01","sex":"both","age":"55-59","ethnicity":"overall","population":1452},{"date":"2022-01-01","sex":"both","age":"55-59","ethnicity":"bumi_malay","population":737.7},{"date":"2022-01-01","sex":"both","age":"55-59","ethnicity":"bumi_other","population":154.2},{"date":"2022-01-01","sex":"both","age":"55-59","ethnicity":"chinese","population":411.8},{"date":"2022-01-01","sex":"both","age":"55-59","ethnicity":"indian","population":105.4},{"date":"2022-01-01","sex":"both","age":"55-59","ethnicity":"other_citizen","population":8},{"date":"2022-01-01","sex":"both","age":"55-59","ethnicity":"other_noncitizen","population":35},{"date":"2022-01-01","sex":"both","age":"60-64","ethnicity":"overall","population":1254.3},{"date":"2022-01-01","sex":"both","age":"60-64","ethnicity":"bumi_malay","population":632.9},{"date":"2022-01-01","sex":"both","age":"60-64","ethnicity":"bumi_other","population":125.8},{"date":"2022-01-01","sex":"both","age":"60-64","ethnicity":"chinese","population":374.4},{"date":"2022-01-01","sex":"both","age":"60-64","ethnicity":"indian","population":92.1},{"date":"2022-01-01","sex":"both","age":"60-64","ethnicity":"other_citizen","population":6.6},{"date":"2022-01-01","sex":"both","age":"60-64","ethnicity":"other_noncitizen","population":22.5},{"date":"2022-01-01","sex":"both","age":"65-69","ethnicity":"overall","population":974.5},{"date":"2022-01-01","sex":"both","age":"65-69","ethnicity":"bumi_malay","population":489.6},{"date":"2022-01-01","sex":"both","age":"65-69","ethnicity":"bumi_other","population":98.2},{"date":"2022-01-01","sex":"both","age":"65-69","ethnicity":"chinese","population":265.1},{"date":"2022-01-01","sex":"both","age":"65-69","ethnicity":"indian","population":66.4},{"date":"2022-01-01","sex":"both","age":"65-69","ethnicity":"other_citizen","population":6.1},{"date":"2022-01-01","sex":"both","age":"65-69","ethnicity":"other_noncitizen","population":49.1},{"date":"2022-01-01","sex":"both","age":"70-74","ethnicity":"overall","population":674.5},{"date":"2022-01-01","sex":"both","age":"70-74","ethnicity":"bumi_malay","population":348.4},{"date":"2022-01-01","sex":"both","age":"70-74","ethnicity":"bumi_other","population":64.4},{"date":"2022-01-01","sex":"both","age":"70-74","ethnicity":"chinese","population":186},{"date":"2022-01-01","sex":"both","age":"70-74","ethnicity":"indian","population":45.2},{"date":"2022-01-01","sex":"both","age":"70-74","ethnicity":"other_citizen","population":4.6},{"date":"2022-01-01","sex":"both","age":"70-74","ethnicity":"other_noncitizen","population":25.9},{"date":"2022-01-01","sex":"both","age":"75-79","ethnicity":"overall","population":377.1},{"date":"2022-01-01","sex":"both","age":"75-79","ethnicity":"bumi_malay","population":186.7},{"date":"2022-01-01","sex":"both","age":"75-79","ethnicity":"bumi_other","population":38.7},{"date":"2022-01-01","sex":"both","age":"75-79","ethnicity":"chinese","population":111.5},{"date":"2022-01-01","sex":"both","age":"75-79","ethnicity":"indian","population":23.3},{"date":"2022-01-01","sex":"both","age":"75-79","ethnicity":"other_citizen","population":2.7},{"date":"2022-01-01","sex":"both","age":"75-79","ethnicity":"other_noncitizen","population":14.2},{"date":"2022-01-01","sex":"both","age":"80-84","ethnicity":"overall","population":203.1},{"date":"2022-01-01","sex":"both","age":"80-84","ethnicity":"bumi_malay","population":94.1},{"date":"2022-01-01","sex":"both","age":"80-84","ethnicity":"bumi_other","population":22.2},{"date":"2022-01-01","sex":"both","age":"80-84","ethnicity":"chinese","population":62.7},{"date":"2022-01-01","sex":"both","age":"80-84","ethnicity":"indian","population":11.5},{"date":"2022-01-01","sex":"both","age":"80-84","ethnicity":"other_citizen","population":1.3},{"date":"2022-01-01","sex":"both","age":"80-84","ethnicity":"other_noncitizen","population":11.2},{"date":"2022-01-01","sex":"both","age":"85+","ethnicity":"overall","population":134.5},{"date":"2022-01-01","sex":"both","age":"85+","ethnicity":"bumi_malay","population":63.1},{"date":"2022-01-01","sex":"both","age":"85+","ethnicity":"bumi_other","population":17.1},{"date":"2022-01-01","sex":"both","age":"85+","ethnicity":"chinese","population":29.8},{"date":"2022-01-01","sex":"both","age":"85+","ethnicity":"indian","population":8.2},{"date":"2022-01-01","sex":"both","age":"85+","ethnicity":"other_citizen","population":1.1},{"date":"2022-01-01","sex":"both","age":"85+","ethnicity":"other_noncitizen","population":15.3},{"date":"2022-01-01","sex":"female","age":"overall","ethnicity":"overall","population":15658.3},{"date":"2022-01-01","sex":"female","age":"overall","ethnicity":"bumi_malay","population":8602.4},{"date":"2022-01-01","sex":"female","age":"overall","ethnicity":"bumi_other","population":1822},{"date":"2022-01-01","sex":"female","age":"overall","ethnicity":"chinese","population":3372.6},{"date":"2022-01-01","sex":"female","age":"overall","ethnicity":"indian","population":994.8},{"date":"2022-01-01","sex":"female","age":"overall","ethnicity":"other_citizen","population":102.6},{"date":"2022-01-01","sex":"female","age":"overall","ethnicity":"other_noncitizen","population":763.9},{"date":"2022-01-01","sex":"female","age":"0-4","ethnicity":"overall","population":1159.3},{"date":"2022-01-01","sex":"female","age":"0-4","ethnicity":"bumi_malay","population":722.9},{"date":"2022-01-01","sex":"female","age":"0-4","ethnicity":"bumi_other","population":131.1},{"date":"2022-01-01","sex":"female","age":"0-4","ethnicity":"chinese","population":157.7},{"date":"2022-01-01","sex":"female","age":"0-4","ethnicity":"indian","population":53.7},{"date":"2022-01-01","sex":"female","age":"0-4","ethnicity":"other_citizen","population":10.1},{"date":"2022-01-01","sex":"female","age":"0-4","ethnicity":"other_noncitizen","population":84},{"date":"2022-01-01","sex":"female","age":"5-9","ethnicity":"overall","population":1256.6},{"date":"2022-01-01","sex":"female","age":"5-9","ethnicity":"bumi_malay","population":737},{"date":"2022-01-01","sex":"female","age":"5-9","ethnicity":"bumi_other","population":141.5},{"date":"2022-01-01","sex":"female","age":"5-9","ethnicity":"chinese","population":235},{"date":"2022-01-01","sex":"female","age":"5-9","ethnicity":"indian","population":68.7},{"date":"2022-01-01","sex":"female","age":"5-9","ethnicity":"other_citizen","population":8.3},{"date":"2022-01-01","sex":"female","age":"5-9","ethnicity":"other_noncitizen","population":66.1},{"date":"2022-01-01","sex":"female","age":"10-14","ethnicity":"overall","population":1258.3},{"date":"2022-01-01","sex":"female","age":"10-14","ethnicity":"bumi_malay","population":713.4},{"date":"2022-01-01","sex":"female","age":"10-14","ethnicity":"bumi_other","population":164.1},{"date":"2022-01-01","sex":"female","age":"10-14","ethnicity":"chinese","population":261.2},{"date":"2022-01-01","sex":"female","age":"10-14","ethnicity":"indian","population":80.3},{"date":"2022-01-01","sex":"female","age":"10-14","ethnicity":"other_citizen","population":7.5},{"date":"2022-01-01","sex":"female","age":"10-14","ethnicity":"other_noncitizen","population":31.9},{"date":"2022-01-01","sex":"female","age":"15-19","ethnicity":"overall","population":1322.3},{"date":"2022-01-01","sex":"female","age":"15-19","ethnicity":"bumi_malay","population":749.5},{"date":"2022-01-01","sex":"female","age":"15-19","ethnicity":"bumi_other","population":171.5},{"date":"2022-01-01","sex":"female","age":"15-19","ethnicity":"chinese","population":259.9},{"date":"2022-01-01","sex":"female","age":"15-19","ethnicity":"indian","population":82.3},{"date":"2022-01-01","sex":"female","age":"15-19","ethnicity":"other_citizen","population":7.7},{"date":"2022-01-01","sex":"female","age":"15-19","ethnicity":"other_noncitizen","population":51.6},{"date":"2022-01-01","sex":"female","age":"20-24","ethnicity":"overall","population":1347.2},{"date":"2022-01-01","sex":"female","age":"20-24","ethnicity":"bumi_malay","population":761.6},{"date":"2022-01-01","sex":"female","age":"20-24","ethnicity":"bumi_other","population":163.4},{"date":"2022-01-01","sex":"female","age":"20-24","ethnicity":"chinese","population":236.2},{"date":"2022-01-01","sex":"female","age":"20-24","ethnicity":"indian","population":76.5},{"date":"2022-01-01","sex":"female","age":"20-24","ethnicity":"other_citizen","population":8.8},{"date":"2022-01-01","sex":"female","age":"20-24","ethnicity":"other_noncitizen","population":100.7},{"date":"2022-01-01","sex":"female","age":"25-29","ethnicity":"overall","population":1281.1},{"date":"2022-01-01","sex":"female","age":"25-29","ethnicity":"bumi_malay","population":683.3},{"date":"2022-01-01","sex":"female","age":"25-29","ethnicity":"bumi_other","population":167.5},{"date":"2022-01-01","sex":"female","age":"25-29","ethnicity":"chinese","population":234.1},{"date":"2022-01-01","sex":"female","age":"25-29","ethnicity":"indian","population":76.9},{"date":"2022-01-01","sex":"female","age":"25-29","ethnicity":"other_citizen","population":8.7},{"date":"2022-01-01","sex":"female","age":"25-29","ethnicity":"other_noncitizen","population":110.5},{"date":"2022-01-01","sex":"female","age":"30-34","ethnicity":"overall","population":1321.3},{"date":"2022-01-01","sex":"female","age":"30-34","ethnicity":"bumi_malay","population":724.2},{"date":"2022-01-01","sex":"female","age":"30-34","ethnicity":"bumi_other","population":162.9},{"date":"2022-01-01","sex":"female","age":"30-34","ethnicity":"chinese","population":257.6},{"date":"2022-01-01","sex":"female","age":"30-34","ethnicity":"indian","population":83.5},{"date":"2022-01-01","sex":"female","age":"30-34","ethnicity":"other_citizen","population":9.7},{"date":"2022-01-01","sex":"female","age":"30-34","ethnicity":"other_noncitizen","population":83.4},{"date":"2022-01-01","sex":"female","age":"35-39","ethnicity":"overall","population":1312.9},{"date":"2022-01-01","sex":"female","age":"35-39","ethnicity":"bumi_malay","population":720.7},{"date":"2022-01-01","sex":"female","age":"35-39","ethnicity":"bumi_other","population":151},{"date":"2022-01-01","sex":"female","age":"35-39","ethnicity":"chinese","population":281.4},{"date":"2022-01-01","sex":"female","age":"35-39","ethnicity":"indian","population":84.8},{"date":"2022-01-01","sex":"female","age":"35-39","ethnicity":"other_citizen","population":9.2},{"date":"2022-01-01","sex":"female","age":"35-39","ethnicity":"other_noncitizen","population":65.8},{"date":"2022-01-01","sex":"female","age":"40-44","ethnicity":"overall","population":1102.5},{"date":"2022-01-01","sex":"female","age":"40-44","ethnicity":"bumi_malay","population":581.9},{"date":"2022-01-01","sex":"female","age":"40-44","ethnicity":"bumi_other","population":121.2},{"date":"2022-01-01","sex":"female","age":"40-44","ethnicity":"chinese","population":266.6},{"date":"2022-01-01","sex":"female","age":"40-44","ethnicity":"indian","population":77.4},{"date":"2022-01-01","sex":"female","age":"40-44","ethnicity":"other_citizen","population":7.5},{"date":"2022-01-01","sex":"female","age":"40-44","ethnicity":"other_noncitizen","population":47.9},{"date":"2022-01-01","sex":"female","age":"45-49","ethnicity":"overall","population":922},{"date":"2022-01-01","sex":"female","age":"45-49","ethnicity":"bumi_malay","population":478.3},{"date":"2022-01-01","sex":"female","age":"45-49","ethnicity":"bumi_other","population":100.6},{"date":"2022-01-01","sex":"female","age":"45-49","ethnicity":"chinese","population":240.4},{"date":"2022-01-01","sex":"female","age":"45-49","ethnicity":"indian","population":66.5},{"date":"2022-01-01","sex":"female","age":"45-49","ethnicity":"other_citizen","population":5.7},{"date":"2022-01-01","sex":"female","age":"45-49","ethnicity":"other_noncitizen","population":30.6},{"date":"2022-01-01","sex":"female","age":"50-54","ethnicity":"overall","population":808},{"date":"2022-01-01","sex":"female","age":"50-54","ethnicity":"bumi_malay","population":414.4},{"date":"2022-01-01","sex":"female","age":"50-54","ethnicity":"bumi_other","population":90.2},{"date":"2022-01-01","sex":"female","age":"50-54","ethnicity":"chinese","population":221.7},{"date":"2022-01-01","sex":"female","age":"50-54","ethnicity":"indian","population":58.4},{"date":"2022-01-01","sex":"female","age":"50-54","ethnicity":"other_citizen","population":4.7},{"date":"2022-01-01","sex":"female","age":"50-54","ethnicity":"other_noncitizen","population":18.7},{"date":"2022-01-01","sex":"female","age":"55-59","ethnicity":"overall","population":722.8},{"date":"2022-01-01","sex":"female","age":"55-59","ethnicity":"bumi_malay","population":374.1},{"date":"2022-01-01","sex":"female","age":"55-59","ethnicity":"bumi_other","population":76.8},{"date":"2022-01-01","sex":"female","age":"55-59","ethnicity":"chinese","population":202.3},{"date":"2022-01-01","sex":"female","age":"55-59","ethnicity":"indian","population":53.9},{"date":"2022-01-01","sex":"female","age":"55-59","ethnicity":"other_citizen","population":3.9},{"date":"2022-01-01","sex":"female","age":"55-59","ethnicity":"other_noncitizen","population":11.8},{"date":"2022-01-01","sex":"female","age":"60-64","ethnicity":"overall","population":624.6},{"date":"2022-01-01","sex":"female","age":"60-64","ethnicity":"bumi_malay","population":320.8},{"date":"2022-01-01","sex":"female","age":"60-64","ethnicity":"bumi_other","population":62.3},{"date":"2022-01-01","sex":"female","age":"60-64","ethnicity":"chinese","population":182.3},{"date":"2022-01-01","sex":"female","age":"60-64","ethnicity":"indian","population":48.4},{"date":"2022-01-01","sex":"female","age":"60-64","ethnicity":"other_citizen","population":3.1},{"date":"2022-01-01","sex":"female","age":"60-64","ethnicity":"other_noncitizen","population":7.5},{"date":"2022-01-01","sex":"female","age":"65-69","ethnicity":"overall","population":494.1},{"date":"2022-01-01","sex":"female","age":"65-69","ethnicity":"bumi_malay","population":252.1},{"date":"2022-01-01","sex":"female","age":"65-69","ethnicity":"bumi_other","population":46.5},{"date":"2022-01-01","sex":"female","age":"65-69","ethnicity":"chinese","population":133.5},{"date":"2022-01-01","sex":"female","age":"65-69","ethnicity":"indian","population":35.6},{"date":"2022-01-01","sex":"female","age":"65-69","ethnicity":"other_citizen","population":2.9},{"date":"2022-01-01","sex":"female","age":"65-69","ethnicity":"other_noncitizen","population":23.5},{"date":"2022-01-01","sex":"female","age":"70-74","ethnicity":"overall","population":347},{"date":"2022-01-01","sex":"female","age":"70-74","ethnicity":"bumi_malay","population":180.6},{"date":"2022-01-01","sex":"female","age":"70-74","ethnicity":"bumi_other","population":32},{"date":"2022-01-01","sex":"female","age":"70-74","ethnicity":"chinese","population":95.8},{"date":"2022-01-01","sex":"female","age":"70-74","ethnicity":"indian","population":24.7},{"date":"2022-01-01","sex":"female","age":"70-74","ethnicity":"other_citizen","population":2.4},{"date":"2022-01-01","sex":"female","age":"70-74","ethnicity":"other_noncitizen","population":11.6},{"date":"2022-01-01","sex":"female","age":"75-79","ethnicity":"overall","population":200.8},{"date":"2022-01-01","sex":"female","age":"75-79","ethnicity":"bumi_malay","population":101.6},{"date":"2022-01-01","sex":"female","age":"75-79","ethnicity":"bumi_other","population":19.9},{"date":"2022-01-01","sex":"female","age":"75-79","ethnicity":"chinese","population":58.5},{"date":"2022-01-01","sex":"female","age":"75-79","ethnicity":"indian","population":12.9},{"date":"2022-01-01","sex":"female","age":"75-79","ethnicity":"other_citizen","population":1.5},{"date":"2022-01-01","sex":"female","age":"75-79","ethnicity":"other_noncitizen","population":6.4},{"date":"2022-01-01","sex":"female","age":"80-84","ethnicity":"overall","population":110.2},{"date":"2022-01-01","sex":"female","age":"80-84","ethnicity":"bumi_malay","population":53.1},{"date":"2022-01-01","sex":"female","age":"80-84","ethnicity":"bumi_other","population":11.3},{"date":"2022-01-01","sex":"female","age":"80-84","ethnicity":"chinese","population":33.8},{"date":"2022-01-01","sex":"female","age":"80-84","ethnicity":"indian","population":6.1},{"date":"2022-01-01","sex":"female","age":"80-84","ethnicity":"other_citizen","population":0.7},{"date":"2022-01-01","sex":"female","age":"80-84","ethnicity":"other_noncitizen","population":5.2},{"date":"2022-01-01","sex":"female","age":"85+","ethnicity":"overall","population":67.3},{"date":"2022-01-01","sex":"female","age":"85+","ethnicity":"bumi_malay","population":32.8},{"date":"2022-01-01","sex":"female","age":"85+","ethnicity":"bumi_other","population":8.3},{"date":"2022-01-01","sex":"female","age":"85+","ethnicity":"chinese","population":14.6},{"date":"2022-01-01","sex":"female","age":"85+","ethnicity":"indian","population":4.3},{"date":"2022-01-01","sex":"female","age":"85+","ethnicity":"other_citizen","population":0.5},{"date":"2022-01-01","sex":"female","age":"85+","ethnicity":"other_noncitizen","population":6.8},{"date":"2022-01-01","sex":"male","age":"overall","ethnicity":"overall","population":17039.8},{"date":"2022-01-01","sex":"male","age":"overall","ethnicity":"bumi_malay","population":8819.5},{"date":"2022-01-01","sex":"male","age":"overall","ethnicity":"bumi_other","population":1857.8},{"date":"2022-01-01","sex":"male","age":"overall","ethnicity":"chinese","population":3501.1},{"date":"2022-01-01","sex":"male","age":"overall","ethnicity":"indian","population":1005.1},{"date":"2022-01-01","sex":"male","age":"overall","ethnicity":"other_citizen","population":120.2},{"date":"2022-01-01","sex":"male","age":"overall","ethnicity":"other_noncitizen","population":1736.1},{"date":"2022-01-01","sex":"male","age":"0-4","ethnicity":"overall","population":1214.8},{"date":"2022-01-01","sex":"male","age":"0-4","ethnicity":"bumi_malay","population":755.4},{"date":"2022-01-01","sex":"male","age":"0-4","ethnicity":"bumi_other","population":140.2},{"date":"2022-01-01","sex":"male","age":"0-4","ethnicity":"chinese","population":161.5},{"date":"2022-01-01","sex":"male","age":"0-4","ethnicity":"indian","population":53.6},{"date":"2022-01-01","sex":"male","age":"0-4","ethnicity":"other_citizen","population":10.9},{"date":"2022-01-01","sex":"male","age":"0-4","ethnicity":"other_noncitizen","population":93.3},{"date":"2022-01-01","sex":"male","age":"5-9","ethnicity":"overall","population":1336.3},{"date":"2022-01-01","sex":"male","age":"5-9","ethnicity":"bumi_malay","population":781},{"date":"2022-01-01","sex":"male","age":"5-9","ethnicity":"bumi_other","population":152.2},{"date":"2022-01-01","sex":"male","age":"5-9","ethnicity":"chinese","population":247.7},{"date":"2022-01-01","sex":"male","age":"5-9","ethnicity":"indian","population":72.6},{"date":"2022-01-01","sex":"male","age":"5-9","ethnicity":"other_citizen","population":8.8},{"date":"2022-01-01","sex":"male","age":"5-9","ethnicity":"other_noncitizen","population":73.9},{"date":"2022-01-01","sex":"male","age":"10-14","ethnicity":"overall","population":1354.7},{"date":"2022-01-01","sex":"male","age":"10-14","ethnicity":"bumi_malay","population":766.6},{"date":"2022-01-01","sex":"male","age":"10-14","ethnicity":"bumi_other","population":171},{"date":"2022-01-01","sex":"male","age":"10-14","ethnicity":"chinese","population":287.3},{"date":"2022-01-01","sex":"male","age":"10-14","ethnicity":"indian","population":86},{"date":"2022-01-01","sex":"male","age":"10-14","ethnicity":"other_citizen","population":8.4},{"date":"2022-01-01","sex":"male","age":"10-14","ethnicity":"other_noncitizen","population":35.4},{"date":"2022-01-01","sex":"male","age":"15-19","ethnicity":"overall","population":1459.6},{"date":"2022-01-01","sex":"male","age":"15-19","ethnicity":"bumi_malay","population":815.1},{"date":"2022-01-01","sex":"male","age":"15-19","ethnicity":"bumi_other","population":180.7},{"date":"2022-01-01","sex":"male","age":"15-19","ethnicity":"chinese","population":284.1},{"date":"2022-01-01","sex":"male","age":"15-19","ethnicity":"indian","population":88.4},{"date":"2022-01-01","sex":"male","age":"15-19","ethnicity":"other_citizen","population":9.9},{"date":"2022-01-01","sex":"male","age":"15-19","ethnicity":"other_noncitizen","population":81.3},{"date":"2022-01-01","sex":"male","age":"20-24","ethnicity":"overall","population":1565.6},{"date":"2022-01-01","sex":"male","age":"20-24","ethnicity":"bumi_malay","population":804.2},{"date":"2022-01-01","sex":"male","age":"20-24","ethnicity":"bumi_other","population":166.2},{"date":"2022-01-01","sex":"male","age":"20-24","ethnicity":"chinese","population":252.4},{"date":"2022-01-01","sex":"male","age":"20-24","ethnicity":"indian","population":82.1},{"date":"2022-01-01","sex":"male","age":"20-24","ethnicity":"other_citizen","population":11.2},{"date":"2022-01-01","sex":"male","age":"20-24","ethnicity":"other_noncitizen","population":249.4},{"date":"2022-01-01","sex":"male","age":"25-29","ethnicity":"overall","population":1553.9},{"date":"2022-01-01","sex":"male","age":"25-29","ethnicity":"bumi_malay","population":706.6},{"date":"2022-01-01","sex":"male","age":"25-29","ethnicity":"bumi_other","population":165},{"date":"2022-01-01","sex":"male","age":"25-29","ethnicity":"chinese","population":245.2},{"date":"2022-01-01","sex":"male","age":"25-29","ethnicity":"indian","population":79.7},{"date":"2022-01-01","sex":"male","age":"25-29","ethnicity":"other_citizen","population":11.1},{"date":"2022-01-01","sex":"male","age":"25-29","ethnicity":"other_noncitizen","population":346.3},{"date":"2022-01-01","sex":"male","age":"30-34","ethnicity":"overall","population":1528.8},{"date":"2022-01-01","sex":"male","age":"30-34","ethnicity":"bumi_malay","population":722.4},{"date":"2022-01-01","sex":"male","age":"30-34","ethnicity":"bumi_other","population":158.1},{"date":"2022-01-01","sex":"male","age":"30-34","ethnicity":"chinese","population":257.4},{"date":"2022-01-01","sex":"male","age":"30-34","ethnicity":"indian","population":83.4},{"date":"2022-01-01","sex":"male","age":"30-34","ethnicity":"other_citizen","population":13.3},{"date":"2022-01-01","sex":"male","age":"30-34","ethnicity":"other_noncitizen","population":294.2},{"date":"2022-01-01","sex":"male","age":"35-39","ethnicity":"overall","population":1464.2},{"date":"2022-01-01","sex":"male","age":"35-39","ethnicity":"bumi_malay","population":723.8},{"date":"2022-01-01","sex":"male","age":"35-39","ethnicity":"bumi_other","population":151},{"date":"2022-01-01","sex":"male","age":"35-39","ethnicity":"chinese","population":279.6},{"date":"2022-01-01","sex":"male","age":"35-39","ethnicity":"indian","population":88},{"date":"2022-01-01","sex":"male","age":"35-39","ethnicity":"other_citizen","population":12.3},{"date":"2022-01-01","sex":"male","age":"35-39","ethnicity":"other_noncitizen","population":209.5},{"date":"2022-01-01","sex":"male","age":"40-44","ethnicity":"overall","population":1256.6},{"date":"2022-01-01","sex":"male","age":"40-44","ethnicity":"bumi_malay","population":620.2},{"date":"2022-01-01","sex":"male","age":"40-44","ethnicity":"bumi_other","population":122.6},{"date":"2022-01-01","sex":"male","age":"40-44","ethnicity":"chinese","population":286.5},{"date":"2022-01-01","sex":"male","age":"40-44","ethnicity":"indian","population":84.5},{"date":"2022-01-01","sex":"male","age":"40-44","ethnicity":"other_citizen","population":8.2},{"date":"2022-01-01","sex":"male","age":"40-44","ethnicity":"other_noncitizen","population":134.7},{"date":"2022-01-01","sex":"male","age":"45-49","ethnicity":"overall","population":971.9},{"date":"2022-01-01","sex":"male","age":"45-49","ethnicity":"bumi_malay","population":476.2},{"date":"2022-01-01","sex":"male","age":"45-49","ethnicity":"bumi_other","population":97.9},{"date":"2022-01-01","sex":"male","age":"45-49","ethnicity":"chinese","population":249.4},{"date":"2022-01-01","sex":"male","age":"45-49","ethnicity":"indian","population":64.8},{"date":"2022-01-01","sex":"male","age":"45-49","ethnicity":"other_citizen","population":6.1},{"date":"2022-01-01","sex":"male","age":"45-49","ethnicity":"other_noncitizen","population":77.5},{"date":"2022-01-01","sex":"male","age":"50-54","ethnicity":"overall","population":830.2},{"date":"2022-01-01","sex":"male","age":"50-54","ethnicity":"bumi_malay","population":410.8},{"date":"2022-01-01","sex":"male","age":"50-54","ethnicity":"bumi_other","population":89.5},{"date":"2022-01-01","sex":"male","age":"50-54","ethnicity":"chinese","population":229.5},{"date":"2022-01-01","sex":"male","age":"50-54","ethnicity":"indian","population":55.9},{"date":"2022-01-01","sex":"male","age":"50-54","ethnicity":"other_citizen","population":4.6},{"date":"2022-01-01","sex":"male","age":"50-54","ethnicity":"other_noncitizen","population":40.1},{"date":"2022-01-01","sex":"male","age":"55-59","ethnicity":"overall","population":729.2},{"date":"2022-01-01","sex":"male","age":"55-59","ethnicity":"bumi_malay","population":363.6},{"date":"2022-01-01","sex":"male","age":"55-59","ethnicity":"bumi_other","population":77.3},{"date":"2022-01-01","sex":"male","age":"55-59","ethnicity":"chinese","population":209.6},{"date":"2022-01-01","sex":"male","age":"55-59","ethnicity":"indian","population":51.5},{"date":"2022-01-01","sex":"male","age":"55-59","ethnicity":"other_citizen","population":4.1},{"date":"2022-01-01","sex":"male","age":"55-59","ethnicity":"other_noncitizen","population":23.2},{"date":"2022-01-01","sex":"male","age":"60-64","ethnicity":"overall","population":629.7},{"date":"2022-01-01","sex":"male","age":"60-64","ethnicity":"bumi_malay","population":312.1},{"date":"2022-01-01","sex":"male","age":"60-64","ethnicity":"bumi_other","population":63.5},{"date":"2022-01-01","sex":"male","age":"60-64","ethnicity":"chinese","population":192},{"date":"2022-01-01","sex":"male","age":"60-64","ethnicity":"indian","population":43.7},{"date":"2022-01-01","sex":"male","age":"60-64","ethnicity":"other_citizen","population":3.5},{"date":"2022-01-01","sex":"male","age":"60-64","ethnicity":"other_noncitizen","population":15},{"date":"2022-01-01","sex":"male","age":"65-69","ethnicity":"overall","population":480.5},{"date":"2022-01-01","sex":"male","age":"65-69","ethnicity":"bumi_malay","population":237.5},{"date":"2022-01-01","sex":"male","age":"65-69","ethnicity":"bumi_other","population":51.7},{"date":"2022-01-01","sex":"male","age":"65-69","ethnicity":"chinese","population":131.6},{"date":"2022-01-01","sex":"male","age":"65-69","ethnicity":"indian","population":30.8},{"date":"2022-01-01","sex":"male","age":"65-69","ethnicity":"other_citizen","population":3.2},{"date":"2022-01-01","sex":"male","age":"65-69","ethnicity":"other_noncitizen","population":25.6},{"date":"2022-01-01","sex":"male","age":"70-74","ethnicity":"overall","population":327.4},{"date":"2022-01-01","sex":"male","age":"70-74","ethnicity":"bumi_malay","population":167.8},{"date":"2022-01-01","sex":"male","age":"70-74","ethnicity":"bumi_other","population":32.4},{"date":"2022-01-01","sex":"male","age":"70-74","ethnicity":"chinese","population":90.2},{"date":"2022-01-01","sex":"male","age":"70-74","ethnicity":"indian","population":20.5},{"date":"2022-01-01","sex":"male","age":"70-74","ethnicity":"other_citizen","population":2.3},{"date":"2022-01-01","sex":"male","age":"70-74","ethnicity":"other_noncitizen","population":14.3},{"date":"2022-01-01","sex":"male","age":"75-79","ethnicity":"overall","population":176.3},{"date":"2022-01-01","sex":"male","age":"75-79","ethnicity":"bumi_malay","population":85.1},{"date":"2022-01-01","sex":"male","age":"75-79","ethnicity":"bumi_other","population":18.8},{"date":"2022-01-01","sex":"male","age":"75-79","ethnicity":"chinese","population":52.9},{"date":"2022-01-01","sex":"male","age":"75-79","ethnicity":"indian","population":10.4},{"date":"2022-01-01","sex":"male","age":"75-79","ethnicity":"other_citizen","population":1.2},{"date":"2022-01-01","sex":"male","age":"75-79","ethnicity":"other_noncitizen","population":7.9},{"date":"2022-01-01","sex":"male","age":"80-84","ethnicity":"overall","population":92.9},{"date":"2022-01-01","sex":"male","age":"80-84","ethnicity":"bumi_malay","population":41},{"date":"2022-01-01","sex":"male","age":"80-84","ethnicity":"bumi_other","population":10.9},{"date":"2022-01-01","sex":"male","age":"80-84","ethnicity":"chinese","population":28.9},{"date":"2022-01-01","sex":"male","age":"80-84","ethnicity":"indian","population":5.4},{"date":"2022-01-01","sex":"male","age":"80-84","ethnicity":"other_citizen","population":0.6},{"date":"2022-01-01","sex":"male","age":"80-84","ethnicity":"other_noncitizen","population":6.1},{"date":"2022-01-01","sex":"male","age":"85+","ethnicity":"overall","population":67.2},{"date":"2022-01-01","sex":"male","age":"85+","ethnicity":"bumi_malay","population":30.3},{"date":"2022-01-01","sex":"male","age":"85+","ethnicity":"bumi_other","population":8.9},{"date":"2022-01-01","sex":"male","age":"85+","ethnicity":"chinese","population":15.2},{"date":"2022-01-01","sex":"male","age":"85+","ethnicity":"indian","population":3.8},{"date":"2022-01-01","sex":"male","age":"85+","ethnicity":"other_citizen","population":0.5},{"date":"2022-01-01","sex":"male","age":"85+","ethnicity":"other_noncitizen","population":8.5}]